year,paises,acr,rtrc,trpib,manuf,v2clstown_ord,v2clstown_osp,polity2
1970,Argentina,0,.93762708,10.337444,31.544744,3,2.47314,-9
1971,Argentina,0,1.2560014,12.615189,35.763073,3,2.47314,-9
1972,Argentina,0,1.2872578,14.035644,36.358074,3,2.47314,-9
1973,Argentina,0,1.2961192,13.322168,34.334049,3,2.47314,6
1974,Argentina,0,2.8533106,13.19158,34.036884,3,2.47314,6
1975,Argentina,0,3.7300613,11.802724,38.215107,3,2.47314,6
1976,Argentina,0,4.2635689,15.096885,39.11676,3,2.5308161,-9
1977,Argentina,0,4.4551239,16.942287,36.594986,3,2.5308161,-9
1978,Argentina,0,4.7819662,14.323796,34.127609,3,2.5308161,-9
1979,Argentina,0,9.1495237,12.840685,32.685158,3,2.5308161,-9
1980,Argentina,0,9.7583942,11.545672,29.476097,3,2.5308161,-9
1981,Argentina,1,9.2914925,14.292977,28.765236,3,2.5308161,-8
1982,Argentina,1,8.0861101,15.611486,31.360256,3,2.5308161,-8
1983,Argentina,1,6.0237427,14.98767,30.669468,3,2.5308161,8
1984,Argentina,1,7.4790664,12.346381,29.708441,3,2.441556,8
1985,Argentina,1,5.9448104,18.009424,29.641848,3,2.441556,8
1986,Argentina,1,2.7907245,14.486032,27.419598,3,2.441556,8
1987,Argentina,1,3.1219513,15.44897,27.496647,3,2.441556,8
1988,Argentina,1,2.5832915,15.743459,27.999676,3,2.441556,8
1989,Argentina,2,5.2052469,19.637798,30.949371,3,2.562923,7
1990,Argentina,2,3.5507965,14.990859,26.789705,3,2.9394889,7
1991,Argentina,3,2.3629816,13.753055,24.38645,3,2.9394889,7
1992,Argentina,3,2.042299,14.730981,21.859131,3,3.3793719,7
1993,Argentina,3,1.9799296,16.223152,19.501156,3,3.3793719,7
1994,Argentina,3,1.798521,18.134226,19.330929,3,3.3793719,7
1995,Argentina,3,2.1798689,19.771502,18.650341,3,3.3793719,7
1996,Argentina,3,2.71229,21.506359,19.005713,3,3.3793719,7
1997,Argentina,3,2.432308,23.336145,19.803549,3,3.3793719,7
1998,Argentina,3,1.6425307,23.349945,19.366751,3,3.3793719,7
1999,Argentina,3,2.0815451,21.382656,18.321703,3,3.3793719,8
2000,Argentina,3,3.9475865,22.622503,17.809332,3,3.2880239,8
2001,Argentina,3,3.6559775,21.852423,17.235527,3,3.1336441,8
2002,Argentina,3,8.6925097,41.75275,21.574636,3,3.1336441,8
2003,Argentina,3,9.398694,40.644691,24.041576,3,3.1336441,8
2004,Argentina,3,8.3002596,36.971409,22.682276,3,3.1336441,8
2005,Argentina,3,10.124463,36.796444,21.919519,3,3.1336441,8
2006,Argentina,3,9.7149019,35.894325,21.283245,3,3.1336441,8
2007,Argentina,3,8.0055161,35.861629,19.929234,3,3.1336441,8
2008,Argentina,3,8.855443,36.270454,19.940536,3,2.962697,8
2009,Argentina,4,5.0213218,30.182825,18.696262,3,2.962697,8
2010,Argentina,4,5.0255284,32.212379,18.221024,3,2.962697,8
2011,Argentina,4,5.008513,33.57156,17.93157,3,2.962697,8
2012,Argentina,4,4.2557859,29.196323,16.837948,3,2.9241731,8
2013,Argentina,4,3.7777135,28.719845,15.879037,3,2.9241731,8
2014,Argentina,4,2.9300001,29.27758,14.492253,3,2.9241731,8
2015,Argentina,4,1.1900001,22.93,17.219999,3,2.9241731,9
1970,Bolivia,0,2.3370805,48.949024,14.134556,2,1.908072,-5
1971,Bolivia,0,3.655174,45.796833,14.282241,2,1.908072,-7
1972,Bolivia,0,4.8129492,45.13158,13.49724,2,1.908072,-7
1973,Bolivia,0,10.349123,56.032127,13.431787,2,1.908072,-7
1974,Bolivia,0,17.189779,62.090134,12.714057,2,1.908072,-7
1975,Bolivia,0,11.034172,58.154953,12.850376,2,1.908072,-7
1976,Bolivia,0,10.560296,57.560959,13.237101,2,1.908072,-7
1977,Bolivia,0,11.459431,56.42062,12.991937,2,1.908072,-7
1978,Bolivia,0,10.84383,52.703384,12.809616,2,1.908072,-4
1979,Bolivia,0,15.956472,51.570778,13.440179,2,1.908072,-4
1980,Bolivia,0,18.577559,46.813007,14.447269,2,1.908072,-7
1981,Bolivia,1,11.509207,46.219772,16.419777,2,1.908072,-7
1982,Bolivia,1,12.205015,58.468262,8.2220793,2,1.908072,8
1983,Bolivia,1,10.569261,52.35582,12.753949,2,1.908072,8
1984,Bolivia,1,8.015213,49.474735,11.968367,2,2.2191479,8
1985,Bolivia,1,7.8086772,41.892765,17.339659,3,2.738045,9
1986,Bolivia,1,7.2936444,47.031361,20.41831,3,2.916908,9
1987,Bolivia,1,7.2677956,43.622658,18.574085,3,2.916908,9
1988,Bolivia,2,8.2882566,41.90625,19.446417,3,2.916908,9
1989,Bolivia,3,9.8727007,45.654678,18.548483,3,2.916908,9
1990,Bolivia,3,11.130945,46.703274,18.495697,3,2.916908,9
1991,Bolivia,3,7.4128194,48.444965,19.495058,3,2.916908,9
1992,Bolivia,3,7.0370879,49.110855,19.072409,3,2.916908,9
1993,Bolivia,3,6.9704881,47.467129,18.809015,3,2.916908,9
1994,Bolivia,3,6.9693356,48.860851,18.702028,3,2.916908,9
1995,Bolivia,3,7.2501426,49.737988,19.008503,3,3.0710139,9
1996,Bolivia,3,7.967351,49.856293,18.964678,3,3.0710139,9
1997,Bolivia,3,6.825233,50.469662,16.780657,3,3.0710139,9
1998,Bolivia,3,4.5652494,52.281162,16.257933,3,3.0710139,9
1999,Bolivia,3,4.085535,44.168255,15.488893,3,3.0710139,9
2000,Bolivia,3,8.5499592,45.597775,15.326296,3,3.0710139,9
2001,Bolivia,3,10.221836,45.227821,15.317657,3,3.0710139,9
2002,Bolivia,3,9.0169811,49.350262,14.991138,3,3.0710139,9
2003,Bolivia,3,15.506881,51.967834,14.67991,3,3.0710139,8
2004,Bolivia,3,22.946039,57.464268,14.43419,3,3.0710139,8
2005,Bolivia,3,38.616077,67.641945,14.175895,3,3.0710139,8
2006,Bolivia,3,38.263771,74.537849,14.376036,2,2.191658,8
2007,Bolivia,3,36.603172,76.061913,14.683058,2,2.191658,8
2008,Bolivia,3,39.679913,82.86702,14.405944,2,2.191658,8
2009,Bolivia,3,17.217932,68.627075,14.405113,2,2.191658,7
2010,Bolivia,3,19.487949,75.511627,13.941912,2,2.191658,7
2011,Bolivia,3,22.050295,82.480392,13.243094,2,2.191658,7
2012,Bolivia,3,18.261602,84.948761,13.445164,2,2.1666119,7
2013,Bolivia,3,16.09811,81.230904,13.231269,2,2.019943,7
2014,Bolivia,3,12.88,85.264473,12.984177,2,2.019943,7
2015,Bolivia,3,7.9200001,67.800003,13.17,2,2.1041579,7
1970,Brasil,0,3.2317014,14.479196,29.317053,2,2.2672729,-9
1971,Brasil,0,2.8913403,14.55128,29.191359,2,2.2672729,-9
1972,Brasil,0,2.6975906,16.103251,29.398199,2,2.2672729,-9
1973,Brasil,1,3.0571966,17.773258,29.805099,2,2.2672729,-9
1974,Brasil,1,3.2838051,21.896847,30.55224,2,2.2672729,-4
1975,Brasil,1,3.6607099,19.044153,30.26367,2,2.2672729,-4
1976,Brasil,1,3.2848198,16.468332,30.397078,2,2.2672729,-4
1977,Brasil,1,3.4425886,15.170116,29.344833,2,2.2672729,-4
1978,Brasil,1,3.5251253,14.539973,30.720272,2,2.2672729,-4
1979,Brasil,1,4.7023501,16.299473,31.041039,2,2.2672729,-4
1980,Brasil,1,5.4543538,20.358561,33.485252,2,2.2895701,-4
1981,Brasil,2,4.5330734,19.219803,32.920082,2,2.2895701,-4
1982,Brasil,2,5.3995929,15.884162,34.559963,2,2.2895701,-3
1983,Brasil,2,5.9309082,20.430162,33.189751,2,2.2895701,-3
1984,Brasil,2,5.5136247,21.471972,33.872555,2,2.2895701,-3
1985,Brasil,2,5.0425673,19.343275,33.74749,2,2.2895701,7
1986,Brasil,2,3.5166106,15.171165,32.969082,2,2.2895701,7
1987,Brasil,2,3.7398484,15.652606,31.956488,2,2.2895701,7
1988,Brasil,2,3.1026199,16.580755,30.954716,2,2.2895701,8
1989,Brasil,3,3.0149839,14.390878,29.528803,2,2.2895701,8
1990,Brasil,3,3.489702,15.161756,,3,2.4491341,8
1991,Brasil,4,3.8558245,16.590916,25.34337,3,2.7875841,8
1992,Brasil,4,3.9311085,19.253344,24.655931,3,3.2091119,8
1993,Brasil,4,3.3740046,19.599316,24.953688,3,3.2091119,8
1994,Brasil,4,2.5549393,19.332905,26.789885,3,3.313237,8
1995,Brasil,4,2.3385518,16.632662,18.615711,3,3.4214721,8
1996,Brasil,4,2.1517415,15.580336,14.766416,3,3.4214721,8
1997,Brasil,4,2.0802827,16.51878,14.636516,3,3.4214721,8
1998,Brasil,4,1.9761909,16.380363,13.648616,3,3.4214721,8
1999,Brasil,4,3.1770833,20.895706,14.032793,3,3.4214721,8
2000,Brasil,4,3.526283,22.579441,15.101893,3,3.4214721,8
2001,Brasil,4,3.8348291,26.92668,15.151242,3,3.4214721,8
2002,Brasil,4,4.8081193,27.576227,14.414628,3,3.4214721,8
2003,Brasil,4,5.4131284,28.107883,16.906713,3,3.4214721,8
2004,Brasil,4,5.3851314,29.666029,17.876705,3,3.4214721,8
2005,Brasil,4,6.4148402,27.074884,17.433329,3,3.4214721,8
2006,Brasil,4,6.678441,26.04019,16.653355,3,3.4214721,8
2007,Brasil,4,7.3585176,25.315016,16.593945,3,3.046555,8
2008,Brasil,4,8.0064611,27.278868,16.607277,3,3.046555,8
2009,Brasil,5,4.6924353,22.138296,15.356585,3,3.046555,8
2010,Brasil,5,6.1017661,22.511709,14.963041,3,3.046555,8
2011,Brasil,5,6.2380662,23.710417,13.86732,3,3.046555,8
2012,Brasil,5,6.1190462,25.267408,11.809111,3,3.046555,8
2013,Brasil,5,6.119637,26.375799,11.535465,3,3.046555,8
2014,Brasil,5,4.0999999,25.791903,10.91188,3,3.046555,8
2015,Brasil,5,2.96,27.370001,11.4,3,3.046555,8
1970,Chile,0,10.909874,28.633492,25.876289,2,2.047262,6
1971,Chile,0,7.5655379,23.052769,24.622717,2,2.047262,6
1972,Chile,0,6.9371686,23.056435,23.509224,2,2.047262,6
1973,Chile,1,8.4068842,29.121914,27.263952,2,2.2892799,-7
1974,Chile,1,12.512364,40.088207,29.889936,3,3.233458,-7
1975,Chile,1,16.079729,52.848206,20.424261,3,3.233458,-7
1976,Chile,1,15.836975,45.920818,23.555983,3,3.233458,-7
1977,Chile,1,10.839011,43.043762,22.116346,3,3.233458,-7
1978,Chile,1,9.6462984,44.508621,22.903839,3,3.233458,-7
1979,Chile,1,12.024594,49.384602,21.567503,3,3.233458,-7
1980,Chile,1,11.390715,49.797829,21.516047,3,3.2425339,-7
1981,Chile,2,7.6280708,43.171421,22.274641,3,3.2425339,-7
1982,Chile,2,9.2028475,40.622059,18.49077,3,3.2425339,-7
1983,Chile,2,11.603625,45.327374,21.181589,3,3.2425339,-6
1984,Chile,2,10.298124,49.576569,24.225122,3,3.2425339,-6
1985,Chile,2,12.958632,53.860458,16.196402,3,3.2425339,-6
1986,Chile,2,10.91082,55.120087,18.692059,3,3.2425339,-6
1987,Chile,2,11.848663,57.348038,18.366352,3,3.2425339,-6
1988,Chile,2,15.113386,61.501026,18.887455,3,3.2425339,-1
1989,Chile,3,15.764189,66.040176,18.86511,3,3.2425339,8
1990,Chile,3,13.882589,64.535706,19.572964,3,3.2462349,8
1991,Chile,3,11.19948,60.166683,20.459873,3,3.4211781,8
1992,Chile,3,9.5669508,57.980953,20.488596,3,3.4211781,8
1993,Chile,3,7.7927809,55.242043,18.547182,3,3.4211781,8
1994,Chile,3,8.7674646,54.812119,18.362078,3,3.4211781,8
1995,Chile,3,9.7484541,56.405426,18.085676,3,3.4211781,8
1996,Chile,3,8.0704679,56.241947,19.363659,3,3.4211781,8
1997,Chile,4,7.7517743,56.286835,19.207373,3,3.4211781,8
1998,Chile,4,6.0000052,55.865894,18.926825,3,3.4211781,8
1999,Chile,5,6.8437886,56.923782,19.174349,3,3.4211781,8
2000,Chile,5,8.3137283,57.865196,16.889889,3,3.4211781,9
2001,Chile,5,7.9670653,61.41428,17.576887,3,3.4211781,9
2002,Chile,7,8.1317472,61.937073,17.572723,3,3.4211781,9
2003,Chile,8,8.9854174,65.122375,16.13797,3,3.4211781,9
2004,Chile,11,13.267851,68.258812,15.610318,3,3.4211781,9
2005,Chile,11,14.576856,69.967392,14.673658,3,3.4211781,9
2006,Chile,13,22.739983,71.944756,13.807426,3,3.4211781,10
2007,Chile,15,23.03916,75.787872,13.012553,3,3.4211781,10
2008,Chile,17,21.571764,81.041382,12.232382,3,3.4211781,10
2009,Chile,20,16.214094,66.768448,12.265331,3,3.4211781,10
2010,Chile,21,19.184301,69.729301,11.751366,3,3.4211781,10
2011,Chile,22,19.772736,72.947197,11.94326,3,3.4211781,10
2012,Chile,24,17.375717,68.812721,11.816957,3,3.4211781,10
2013,Chile,24,16.0805,65.470192,11.790403,3,3.36588,10
2014,Chile,26,14.92,66.072159,12.355639,3,3.36588,10
2015,Chile,26,12.2,60.23,11.93,,,10
1970,Colombia,0,2.5407338,30.127741,21.154707,3,2.951421,7
1971,Colombia,0,3.023185,29.508743,20.8382,3,2.951421,7
1972,Colombia,0,2.9635587,29.006298,21.779863,3,2.951421,7
1973,Colombia,0,3.8213115,29.610134,23.184629,3,2.951421,7
1974,Colombia,0,7.0965843,30.088341,23.65259,3,2.951421,8
1975,Colombia,0,6.8235679,29.868578,23.712444,3,2.951421,8
1976,Colombia,0,5.9877791,30.999304,24.685764,3,2.951421,8
1977,Colombia,0,5.1323261,30.166376,24.342859,3,2.951421,8
1978,Colombia,0,4.4924507,30.346779,23.763212,3,2.951421,8
1979,Colombia,0,7.4694905,28.683977,23.025717,3,2.951421,8
1980,Colombia,0,7.6010408,31.789656,23.932323,3,2.951421,8
1981,Colombia,1,7.0523243,27.285021,21.927383,3,2.951421,8
1982,Colombia,1,6.7414236,26.108217,21.829103,3,2.951421,8
1983,Colombia,1,5.7873368,23.672808,21.503891,3,2.951421,8
1984,Colombia,1,5.7264342,24.347973,22.607151,3,2.951421,8
1985,Colombia,1,6.0841765,26.339725,21.96701,3,2.951421,8
1986,Colombia,1,5.1145849,30.830635,23.187605,3,2.951421,8
1987,Colombia,1,7.3597569,29.871693,21.05192,3,2.951421,8
1988,Colombia,2,5.6378541,30.149988,21.946009,3,2.951421,8
1989,Colombia,3,6.9191651,31.817875,21.615696,3,2.951421,8
1990,Colombia,3,9.4620867,35.386379,20.579016,3,2.951421,8
1991,Colombia,3,7.6302423,35.251492,20.90024,3,3.4335051,9
1992,Colombia,3,6.1326251,33.465565,19.773144,3,3.4335051,9
1993,Colombia,3,4.9414058,35.188259,20.486736,3,3.4335051,9
1994,Colombia,3,3.2146547,35.917538,16.130966,3,3.4335051,9
1995,Colombia,4,3.9116058,35.497231,15.91919,3,3.4335051,7
1996,Colombia,4,4.69171,36.044106,15.492187,3,3.4335051,7
1997,Colombia,4,4.2268858,35.597069,14.915146,3,3.4335051,7
1998,Colombia,4,3.1363668,35.908924,15.073181,3,3.4335051,7
1999,Colombia,4,5.1775813,36.149281,14.778384,3,3.4335051,7
2000,Colombia,4,7.1273513,32.667084,15.012737,3,3.4335051,7
2001,Colombia,4,5.394443,33.901112,15.249089,3,3.4335051,7
2002,Colombia,4,5.1657515,32.982639,15.171119,3,3.4335051,7
2003,Colombia,4,6.4727373,36.516182,15.452763,3,3.4335051,7
2004,Colombia,4,7.9802141,35.863426,15.70269,3,3.4335051,7
2005,Colombia,4,8.1737051,35.634239,15.446494,3,3.4335051,7
2006,Colombia,4,9.4124899,38.173943,15.647856,3,3.4335051,7
2007,Colombia,4,9.0528069,36.329895,15.90063,3,3.4335051,7
2008,Colombia,4,13.900488,38.052063,15.245855,3,3.4335051,7
2009,Colombia,6,7.6552496,34.280003,14.321101,3,3.4335051,7
2010,Colombia,6,10.226208,33.700848,13.929498,3,3.4335051,7
2011,Colombia,8,13.422092,38.668869,13.530216,3,3.4335051,7
2012,Colombia,9,11.135841,38.296097,13.358299,3,3.4335051,7
2013,Colombia,10,10.258659,37.836163,12.851937,3,3.1134861,7
2014,Colombia,10,6.4400001,37.476196,12.235236,3,3.1134861,7
2015,Colombia,10,3.5799999,38.950001,12.21,3,3.1134861,7
1970,Costa Rica,1,3.4435298,63.209442,,2,2.394876,10
1971,Costa Rica,1,3.5300031,64.892815,,2,2.394876,10
1972,Costa Rica,1,3.3847227,67.774292,,2,2.315105,10
1973,Costa Rica,1,5.0720396,68.342125,,2,2.315105,10
1974,Costa Rica,1,4.6123586,81.871559,,2,2.315105,10
1975,Costa Rica,1,6.1417494,68.609787,,2,2.315105,10
1976,Costa Rica,1,4.895515,63.819672,,2,2.315105,10
1977,Costa Rica,1,4.9450502,67.203682,,2,2.315105,10
1978,Costa Rica,1,4.8900304,64.212639,,2,2.315105,10
1979,Costa Rica,1,6.1644216,64.116188,,2,2.315105,10
1980,Costa Rica,1,4.7435493,63.296906,,2,2.315105,10
1981,Costa Rica,1,7.1409993,91.444534,,2,2.315105,10
1982,Costa Rica,1,9.8124962,87.248772,,2,2.315105,10
1983,Costa Rica,1,3.257956,60.77948,24.762281,3,2.493541,10
1984,Costa Rica,1,1.9873669,58.034798,25.855515,3,2.493541,10
1985,Costa Rica,1,1.7128348,55.840588,25.124834,3,2.493541,10
1986,Costa Rica,1,1.7362981,53.980145,24.415525,3,2.4993391,10
1987,Costa Rica,1,2.1810689,57.411686,24.034363,3,2.4993391,10
1988,Costa Rica,1,1.983628,60.921772,24.481508,3,2.4993391,10
1989,Costa Rica,1,1.8964167,64.360641,23.957102,3,2.4993391,10
1990,Costa Rica,1,2.2289944,66.500587,22.623997,3,2.67977,10
1991,Costa Rica,1,2.3901904,70.682724,22.840885,3,2.67977,10
1992,Costa Rica,1,2.2486134,75.059776,23.340599,3,2.755733,10
1993,Costa Rica,1,1.868718,78.013206,22.239128,3,2.755733,10
1994,Costa Rica,1,2.1273136,76.693321,21.735971,3,2.755733,10
1995,Costa Rica,1,2.6780894,77.920921,21.835941,3,2.755733,10
1996,Costa Rica,1,2.3017073,82.101112,22.105909,3,3.064636,10
1997,Costa Rica,1,2.0971022,85.335205,22.393692,3,2.880089,10
1998,Costa Rica,1,1.3579792,97.532845,23.0327,3,2.880089,10
1999,Costa Rica,1,.91887164,97.67202,29.005548,3,2.880089,10
2000,Costa Rica,1,.84691912,94.389122,25.33189,3,2.880089,10
2001,Costa Rica,2,.9123807,86.008293,21.873405,3,2.880089,10
2002,Costa Rica,4,.82309413,90.019638,21.52051,3,2.880089,10
2003,Costa Rica,6,.86703873,95.204384,21.156166,3,2.880089,10
2004,Costa Rica,6,.85099095,95.736717,21.744825,3,2.880089,10
2005,Costa Rica,6,.8852579,102.47441,21.695227,3,2.880089,10
2006,Costa Rica,7,1.2056415,104.40636,21.684404,3,2.880089,10
2007,Costa Rica,7,1.3044224,102.22714,21.379202,3,2.880089,10
2008,Costa Rica,8,1.2275956,100.62673,20.308077,3,2.9208059,10
2009,Costa Rica,8,1.1034678,83.976944,17.828945,3,2.9208059,10
2010,Costa Rica,8,1.4684056,79.097725,17.547121,3,2.9208059,10
2011,Costa Rica,9,1.0114233,79.403938,17.338346,3,2.9208059,10
2012,Costa Rica,10,1.0653267,78.939209,16.864321,3,2.923728,10
2013,Costa Rica,12,1.0014105,74.494614,16.351797,3,2.878545,10
2014,Costa Rica,14,1.46,72.301926,,3,2.878545,10
2015,Costa Rica,14,1.26,62.790001,13.04,3,3.074852,10
1970,Cuba,0,1.0215724,76.806541,8.6408377,0,.14850859,-7
1971,Cuba,0,.88676238,76.808655,8.6424417,0,.14850859,-7
1972,Cuba,0,.78024787,76.809494,8.6427116,0,.0441566,-7
1973,Cuba,0,.77507299,76.801804,8.6410084,0,.0441566,-7
1974,Cuba,0,.74657178,76.78569,8.6353683,0,.0441566,-7
1975,Cuba,0,.91123194,76.827042,8.6426582,0,.0441566,-7
1976,Cuba,0,.97306049,76.819221,8.6504641,0,.0441566,-7
1977,Cuba,0,1.0030642,76.813728,8.6440659,0,.0441566,-7
1978,Cuba,0,.65837419,76.763329,8.632493,0,.0441566,-7
1979,Cuba,0,1.1362804,76.705147,8.6072102,0,.0441566,-7
1980,Cuba,0,1.2540383,77.033791,8.6791887,0,.0441566,-7
1981,Cuba,1,1.0341433,76.78009,8.6895542,0,.0441566,-7
1982,Cuba,1,1.3519781,76.786278,8.6121159,0,.0441566,-7
1983,Cuba,1,.96924084,76.511345,8.5748243,0,.0441566,-7
1984,Cuba,1,.79971272,76.41423,8.4815598,0,.0441566,-7
1985,Cuba,1,.84677327,78.677017,9.0465174,0,.0441566,-7
1986,Cuba,1,.50877655,75.511604,8.741292,0,.0441566,-7
1987,Cuba,1,.60026503,76.817184,8.2310219,0,.0441566,-7
1988,Cuba,1,1.6858102,75.136711,8.3908615,0,.0441566,-7
1989,Cuba,2,1.8073235,75.928635,8.0240526,0,.0441566,-7
1990,Cuba,2,1.092505,71.114494,7.657258,0,.0441566,-7
1991,Cuba,2,1.0292912,50.996117,8.1490784,0,.0441566,-7
1992,Cuba,2,1.1046411,35.146866,9.4312572,0,.0441566,-7
1993,Cuba,2,.94112802,28.915831,9.6044083,0,.0441566,-7
1994,Cuba,2,.82509035,27.775896,13.023404,0,.1632589,-7
1995,Cuba,2,1.1899489,29.308418,14.579666,0,.1632589,-7
1996,Cuba,2,1.3661824,32.625023,13.849285,0,.1632589,-7
1997,Cuba,2,1.3468128,32.754612,14.01527,0,.1632589,-7
1998,Cuba,2,.90609145,32.504295,14.646626,0,.1632589,-7
1999,Cuba,2,.918042,31.868162,15.564654,0,.1632589,-7
2000,Cuba,2,2.3518701,31.076191,17.740356,0,.1632589,-7
2001,Cuba,2,1.5780834,29.361525,16.38629,0,.1632589,-7
2002,Cuba,2,2.0278392,24.729387,14.884939,0,.1632589,-7
2003,Cuba,2,2.8195989,26.586912,12.234323,0,.1632589,-7
2004,Cuba,2,3.6463866,31.311579,10.869321,0,.1632589,-7
2005,Cuba,2,4.0974946,39.361744,9.481287,0,.1632589,-7
2006,Cuba,2,5.123724,37.187939,9.362524,0,.1632589,-7
2007,Cuba,2,8.0015001,37.967869,10.061907,0,.1632589,-7
2008,Cuba,2,5.6695862,44.917221,10.916393,0,.1632589,-7
2009,Cuba,2,2.9684596,32.913597,10.689086,0,.1632589,-7
2010,Cuba,2,4.5358939,40.292747,10.557896,0,.44183269,-7
2011,Cuba,2,4.9378633,46.96048,10.721232,1,.7219016,-7
2012,Cuba,3,3.4883759,45.867561,,1,.7219016,-7
2013,Cuba,3,2.9177203,44.322533,,0,.61084449,-7
2014,Cuba,3,,,,1,.95591938,-7
2015,Cuba,3,,,,1,.95591938,-7
1970,Dominican Republic,0,.81096941,41.820381,20.781769,3,2.832763,-3
1971,Dominican Republic,0,.86437398,41.070572,20.60704,3,2.832763,-3
1972,Dominican Republic,0,2.0231264,46.153072,19.48715,3,2.832763,-3
1973,Dominican Republic,0,2.8150754,47.558327,18.850716,3,2.832763,-3
1974,Dominican Republic,0,2.7874212,61.166939,21.550632,3,2.832763,-3
1975,Dominican Republic,0,2.2797842,57.733448,23.746527,3,2.832763,-3
1976,Dominican Republic,0,2.113188,49.078808,22.853617,3,2.832763,-3
1977,Dominican Republic,0,1.9167569,44.189137,21.041183,3,2.832763,-3
1978,Dominican Republic,0,1.0078584,41.513069,19.986731,3,2.832763,6
1979,Dominican Republic,0,2.2140317,47.63221,18.412912,3,2.832763,6
1980,Dominican Republic,0,3.1560245,48.107376,16.574133,3,2.832763,6
1981,Dominican Republic,0,2.1593125,45.837345,16.845078,3,2.832763,6
1982,Dominican Republic,0,1.1685346,33.588646,19.423309,3,2.832763,6
1983,Dominican Republic,0,1.234475,32.707027,18.97366,3,2.783534,6
1984,Dominican Republic,0,.82722378,61.052814,17.900938,3,2.783534,6
1985,Dominican Republic,0,1.4947811,65.254906,13.53375,3,2.783534,6
1986,Dominican Republic,0,.60780883,57.824165,13.945,3,2.783534,6
1987,Dominican Republic,1,1.2466056,62.988567,13.792108,3,2.783534,6
1988,Dominican Republic,1,5.7638216,74.768036,13.058829,3,2.783534,6
1989,Dominican Republic,1,4.5229435,77.995193,19.048889,3,2.783534,6
1990,Dominican Republic,1,2.1251271,77.517647,19.415285,3,2.783534,6
1991,Dominican Republic,1,1.3234377,83.175827,28.35862,3,2.783534,6
1992,Dominican Republic,1,.75683242,81.069366,27.431517,3,2.783534,6
1993,Dominican Republic,1,.20421049,78.787354,26.647425,3,2.783534,6
1994,Dominican Republic,1,.7334739,78.268082,26.517397,3,2.783534,5
1995,Dominican Republic,1,1.0609293,75.086365,25.556364,3,2.783534,5
1996,Dominican Republic,1,.75064576,73.35495,26.927301,3,3.237654,8
1997,Dominican Republic,1,.6709826,76.416451,26.594606,3,3.2598269,8
1998,Dominican Republic,1,.11253213,79.379044,26.737488,3,3.2598269,8
1999,Dominican Republic,1,.36427554,79.892349,26.71814,3,3.2598269,8
2000,Dominican Republic,1,.77490038,82.914276,26.131893,3,3.2598269,8
2001,Dominican Republic,2,.33532724,74.722282,24.937847,3,3.2598269,8
2002,Dominican Republic,2,.43423453,72.813721,25.391062,3,3.2598269,8
2003,Dominican Republic,2,1.1925195,86.49469,25.445393,3,3.2598269,8
2004,Dominican Republic,2,1.9744579,83.883347,24.94809,3,3.2598269,8
2005,Dominican Republic,2,1.6465108,65.534668,22.867403,3,3.2598269,8
2006,Dominican Republic,3,2.6845348,67.966301,22.082922,3,3.2598269,8
2007,Dominican Republic,3,3.5634522,61.938484,17.688036,3,3.2598269,8
2008,Dominican Republic,4,1.1473495,61.437389,17.495707,3,3.2598269,8
2009,Dominican Republic,4,.17984611,50.595432,16.563984,3,3.2598269,8
2010,Dominican Republic,4,.27730572,54.825226,16.411398,3,3.2598269,8
2011,Dominican Republic,4,.91495568,57.497833,16.359919,3,3.2598269,8
2012,Dominican Republic,4,.58682799,57.497299,16.071421,3,3.2598269,8
2013,Dominican Republic,4,.49062172,56.619038,15.864264,3,3.2598269,8
2014,Dominican Republic,4,2.03,56.326401,15.579886,3,3.2598269,8
2015,Dominican Republic,4,1.98,54,15.25,,,8
1970,Ecuador,0,1.4356058,22.451254,16.988174,3,3.211324,0
1971,Ecuador,0,1.9593567,27.270515,17.506611,3,3.211324,0
1972,Ecuador,0,3.2205284,27.957991,17.12396,3,2.8100481,-5
1973,Ecuador,0,7.3921247,34.537636,16.394854,3,2.5842521,-5
1974,Ecuador,0,11.700456,41.404369,16.978104,3,2.5842521,-5
1975,Ecuador,0,9.138031,35.405048,16.951637,3,2.5842521,-5
1976,Ecuador,0,9.716157,34.013905,18.476912,3,2.5842521,-5
1977,Ecuador,0,8.8380508,34.442211,19.492014,3,2.5842521,-5
1978,Ecuador,0,9.2029581,33.29583,18.969658,3,2.5842521,-5
1979,Ecuador,0,18.763887,36.079582,19.521088,3,2.5842521,9
1980,Ecuador,0,16.552391,35.025009,17.519831,3,2.5842521,9
1981,Ecuador,1,12.928503,29.915274,16.57196,3,2.5842521,9
1982,Ecuador,1,12.878334,32.412945,17.303854,3,2.5842521,9
1983,Ecuador,1,14.493408,30.876017,18.212437,3,2.718142,9
1984,Ecuador,1,14.950706,33.0583,21.405899,3,2.718142,8
1985,Ecuador,1,14.712502,35.717308,20.578653,3,2.718142,8
1986,Ecuador,1,8.5001564,33.110603,20.215282,3,2.718142,8
1987,Ecuador,1,8.7818403,37.730724,20.737236,3,2.718142,8
1988,Ecuador,2,11.140612,42.6623,21.652885,3,2.718142,9
1989,Ecuador,3,12.435165,45.11298,21.033867,3,2.718142,9
1990,Ecuador,3,15.45428,44.594913,21.728336,3,2.718142,9
1991,Ecuador,3,11.873736,45.19664,23.098078,3,2.718142,9
1992,Ecuador,3,11.682693,44.806545,24.265289,3,2.718142,9
1993,Ecuador,3,9.4598513,43.171219,20.954376,3,2.718142,9
1994,Ecuador,3,9.4452286,43.777748,20.810707,3,2.718142,9
1995,Ecuador,3,10.912753,45.91127,20.31538,3,2.718142,9
1996,Ecuador,3,12.116806,44.215702,20.181429,3,2.718142,9
1997,Ecuador,3,10.143858,45.017185,18.717636,3,2.718142,8
1998,Ecuador,3,6.4225497,43.395107,18.1991,3,2.718142,9
1999,Ecuador,3,9.7758131,49.201252,19.188684,3,2.718142,9
2000,Ecuador,3,19.364447,59.464699,19.416513,3,2.718142,6
2001,Ecuador,3,12.229577,50.745056,17.436695,3,2.718142,6
2002,Ecuador,3,10.27396,49.376549,15.916026,3,2.718142,6
2003,Ecuador,3,11.530719,47.241631,14.40269,3,2.718142,6
2004,Ecuador,3,17.18573,50.665241,13.512871,3,2.718142,6
2005,Ecuador,3,22.230303,56.099831,14.957754,3,2.718142,6
2006,Ecuador,3,24.206955,59.709782,14.353372,3,2.718142,7
2007,Ecuador,3,23.379408,62.587139,14.437861,3,2.718142,5
2008,Ecuador,3,26.153589,68.056946,14.214072,3,2.593369,5
2009,Ecuador,3,14.483921,52.104851,14.703883,3,2.593369,5
2010,Ecuador,3,17.445244,60.303238,14.017759,3,2.593369,5
2011,Ecuador,3,20.579351,64.490242,13.507961,3,2.593369,5
2012,Ecuador,3,18.452343,61.751114,13.583269,3,2.593369,5
2013,Ecuador,3,17.016354,60.689987,13.709587,,,5
2014,Ecuador,3,10.79,58.675842,14.472608,,,5
2015,Ecuador,3,3.8599999,44.330002,15.7,,,5
1970,El Salvador,1,1.5584038,49.383892,,3,2.9192669,0
1971,El Salvador,1,1.3516819,51.246078,,3,2.9192669,0
1972,El Salvador,1,1.4626906,57.221535,,3,2.9192669,-1
1973,El Salvador,1,2.2909257,62.943035,,3,2.9192669,-1
1974,El Salvador,1,2.105639,73.24897,,3,2.9192669,-1
1975,El Salvador,1,2.5668731,71.26297,,3,2.9192669,-1
1976,El Salvador,1,1.7613811,72.36071,,3,2.9192669,-1
1977,El Salvador,1,2.3879955,75.638077,,3,2.9192669,-6
1978,El Salvador,1,2.3143718,69.796288,,3,2.9192669,-6
1979,El Salvador,1,2.4428821,74.112785,,3,2.9192669,-4
1980,El Salvador,1,2.8865275,67.406464,,3,2.86728,-2
1981,El Salvador,1,2.7918851,60.266491,,3,2.86728,0
1982,El Salvador,1,5.8223991,51.247742,,3,2.86728,2
1983,El Salvador,1,2.015451,54.3978,,3,2.86728,4
1984,El Salvador,1,1.1724808,50.290676,,3,2.86728,6
1985,El Salvador,1,.75019777,52.210537,,3,2.86728,6
1986,El Salvador,1,.77460074,53.714123,,3,2.86728,6
1987,El Salvador,1,.76039916,45.094624,,3,2.86728,6
1988,El Salvador,1,.77827698,38.095703,,3,2.86728,6
1989,El Salvador,1,.83703506,36.928295,,3,2.86728,6
1990,El Salvador,1,2.0396054,49.784416,22.122486,3,3.067703,6
1991,El Salvador,1,2.6481223,47.733006,22.607807,3,3.067703,7
1992,El Salvador,1,1.9507756,48.524696,24.395613,3,3.067703,7
1993,El Salvador,1,1.3171939,53.463535,23.981705,3,3.1183119,7
1994,El Salvador,1,1.3596849,55.173393,23.479908,3,3.1183119,7
1995,El Salvador,1,1.9444041,59.395821,23.095245,3,3.1183119,7
1996,El Salvador,1,1.2028345,55.007511,22.723558,3,3.1183119,7
1997,El Salvador,1,2.0312126,63.445805,22.511234,4,3.532882,7
1998,El Salvador,1,1.5762317,61.873356,22.906448,4,3.532882,7
1999,El Salvador,2,1.2663981,62.2173,24.158022,4,3.6321521,7
2000,El Salvador,2,1.1282836,69.834251,24.695654,4,3.6321521,7
2001,El Salvador,2,1.0957754,67.465446,24.815117,4,3.6321521,7
2002,El Salvador,2,1.0087094,67.443924,24.820667,4,3.6321521,7
2003,El Salvador,3,.99345237,70.041939,24.322716,4,3.6321521,7
2004,El Salvador,3,.95821273,71.255135,23.81546,4,3.6321521,7
2005,El Salvador,3,.89125443,69.801331,23.085295,4,3.6321521,7
2006,El Salvador,4,1.1959198,71.849037,22.221897,4,3.6321521,7
2007,El Salvador,4,1.2609723,74.177437,21.857626,4,3.6321521,7
2008,El Salvador,5,1.3285134,76.580185,21.537186,4,3.6321521,7
2009,El Salvador,6,1.2903638,61.871643,20.503176,4,3.6321521,8
2010,El Salvador,6,2.2527666,68.768761,20.408794,4,3.6321521,8
2011,El Salvador,6,1.6839917,74.643242,20.254478,4,3.6321521,8
2012,El Salvador,8,1.73235,69.69883,20.18804,4,3.6321521,8
2013,El Salvador,9,1.7464293,71.949295,20.55098,3,3.309015,8
2014,El Salvador,9,.98000002,69.273201,20.610296,3,3.309015,8
2015,El Salvador,9,.91000003,69.57,20.91,3,3.309015,8
1970,Guatemala,1,2.7686205,36.349789,,4,3.6115141,1
1971,Guatemala,1,2.4471779,35.983475,,4,3.6115141,1
1972,Guatemala,1,2.6742542,37.443489,,4,3.6115141,1
1973,Guatemala,1,3.6783226,41.08672,,4,3.6115141,1
1974,Guatemala,1,3.1941464,48.072121,,4,3.6115141,-3
1975,Guatemala,1,3.8248091,45.256317,,4,3.6115141,-3
1976,Guatemala,1,2.6107299,49.155842,,4,3.6115141,-3
1977,Guatemala,1,3.5973642,50.712524,,4,3.6115141,-3
1978,Guatemala,1,3.4782073,48.738182,,4,3.6115141,-5
1979,Guatemala,1,3.5826266,47.199604,,4,3.6115141,-5
1980,Guatemala,1,4.0518928,47.105488,,4,3.6115141,-5
1981,Guatemala,1,3.2365203,40.691257,,4,3.6115141,-5
1982,Guatemala,1,6.5137968,33.474819,,4,3.6115141,-7
1983,Guatemala,1,2.6689537,27.546959,,4,3.6115141,-7
1984,Guatemala,1,1.6225142,28.153114,,4,3.6115141,-6
1985,Guatemala,1,1.0268531,24.932245,,4,3.6115141,-1
1986,Guatemala,1,1.288299,30.64402,,4,3.6115141,3
1987,Guatemala,1,1.3758981,38.142963,,4,3.6115141,3
1988,Guatemala,1,1.2256891,38.039913,,4,3.6115141,3
1989,Guatemala,1,1.2399858,39.781548,,4,3.6115141,3
1990,Guatemala,1,4.024684,45.869484,,4,3.6115141,3
1991,Guatemala,1,3.9054973,39.520256,,4,3.6115141,3
1992,Guatemala,1,3.6935189,45.362247,,4,3.6115141,3
1993,Guatemala,1,3.0268185,43.778927,,4,3.6115141,3
1994,Guatemala,1,3.1673007,42.370892,,4,3.6115141,3
1995,Guatemala,1,3.8915186,44.68943,,4,3.6115141,3
1996,Guatemala,1,2.8479764,40.392952,,4,3.6115141,8
1997,Guatemala,1,3.5884097,41.551952,,4,3.6115141,8
1998,Guatemala,1,2.7801242,44.42374,,4,3.6115141,8
1999,Guatemala,1,2.8159761,46.360508,,4,3.6115141,8
2000,Guatemala,1,2.9476149,49.145588,,4,3.6115141,8
2001,Guatemala,2,2.9301262,69.544548,21.279907,4,3.6115141,8
2002,Guatemala,2,2.7065043,66.03186,20.141428,4,3.6115141,8
2003,Guatemala,2,2.8453066,65.959648,20.050617,4,3.6115141,8
2004,Guatemala,2,2.7670908,69.078117,20.504295,4,3.6115141,8
2005,Guatemala,2,2.708364,66.04866,20.199354,4,3.6115141,8
2006,Guatemala,4,3.3517601,66.818184,20.258759,4,3.6115141,8
2007,Guatemala,4,3.5286894,67.898499,19.818277,4,3.6115141,8
2008,Guatemala,4,3.4902666,64.125229,19.82461,4,3.6115141,8
2009,Guatemala,6,3.198756,57.105995,19.88201,4,3.6115141,8
2010,Guatemala,7,5.2361917,62.114933,19.881063,4,3.604496,8
2011,Guatemala,7,4.6109681,63.984192,19.899736,4,3.604496,8
2012,Guatemala,8,4.5044007,60.982475,20.365486,4,3.604496,8
2013,Guatemala,9,4.0013204,58.548336,20.268745,,,8
2014,Guatemala,9,2.97,56.265648,19.895498,,,8
2015,Guatemala,9,2.29,51.330002,19.58,,,8
1970,Honduras,1,9.7783575,62.019363,13.848507,3,2.431258,-1
1971,Honduras,1,9.3606081,60.191517,14.859741,3,2.431258,0
1972,Honduras,1,11.283582,57.471985,15.189002,3,2.431258,-1
1973,Honduras,1,16.764545,65.315071,15.770391,3,2.431258,-1
1974,Honduras,1,15.804878,76.220398,15.721925,3,2.431258,-1
1975,Honduras,1,15.323985,70.373665,15.737542,3,2.431258,-1
1976,Honduras,1,11.920722,71.884277,15.062242,3,2.431258,-1
1977,Honduras,1,14.737455,74.094048,15.10914,3,2.431258,-1
1978,Honduras,1,13.550014,76.470596,15.147102,3,2.431258,-1
1979,Honduras,1,12.61958,79.058411,15.123534,3,2.431258,-1
1980,Honduras,1,13.415545,81.293839,14.957544,3,2.431258,1
1981,Honduras,1,10.359877,69.338531,14.418881,3,2.431258,4
1982,Honduras,1,18.998875,54.727051,14.681705,3,2.431258,6
1983,Honduras,1,8.0156803,55.394867,15.062308,3,2.431258,6
1984,Honduras,1,6.0603027,57.72823,15.41442,3,2.431258,6
1985,Honduras,1,4.1929045,54.966343,14.523144,3,2.431258,5
1986,Honduras,1,2.9006598,54.890377,14.281516,3,2.431258,5
1987,Honduras,1,2.8902011,48.789886,14.536069,3,2.431258,5
1988,Honduras,1,5.8172684,55.215652,15.137504,3,2.431258,5
1989,Honduras,1,5.6667132,65.347397,15.006482,3,2.4498551,6
1990,Honduras,1,10.202757,77.147644,16.340984,3,2.4498551,6
1991,Honduras,1,10.061176,72.097588,16.937389,3,2.4498551,6
1992,Honduras,1,8.4114084,68.446808,17.822826,3,2.4498551,6
1993,Honduras,1,6.3669953,78.386002,17.727623,3,2.4498551,6
1994,Honduras,1,7.7734141,89.699257,17.25876,3,3.016454,6
1995,Honduras,1,8.9067554,91.777534,17.832403,3,3.016454,6
1996,Honduras,1,6.5291867,98.819168,18.112246,3,3.016454,6
1997,Honduras,1,8.1725597,98.003944,17.953642,3,3.016454,6
1998,Honduras,1,6.1481404,100.50115,18.622229,3,3.016454,6
1999,Honduras,1,5.5463872,97.001144,19.604748,3,3.016454,7
2000,Honduras,1,3.6335626,120.39217,22.688059,3,3.016454,7
2001,Honduras,2,3.3945022,115.94307,21.760807,3,3.016454,7
2002,Honduras,2,3.4704216,117.99745,21.963511,3,3.2470889,7
2003,Honduras,2,3.2422459,122.24828,21.723709,3,3.2470889,7
2004,Honduras,2,3.1383712,135.46176,21.032082,3,3.2470889,7
2005,Honduras,2,2.9936552,136.48976,20.891911,3,3.2470889,7
2006,Honduras,3,4.4506969,133.13184,20.772806,3,3.266871,7
2007,Honduras,3,4.2494597,135.07063,19.603752,3,3.266871,7
2008,Honduras,5,3.6689916,135.74896,19.212643,3,3.266871,7
2009,Honduras,7,3.135217,96.905006,17.931772,3,3.266871,7
2010,Honduras,7,5.5812283,109.44184,17.820528,3,3.266871,7
2011,Honduras,7,4.2154803,122.2169,18.499779,3,3.266871,7
2012,Honduras,8,3.8821487,121.18822,19.042849,3,3.266871,7
2013,Honduras,9,3.7964842,116.30605,18.606703,,,7
2014,Honduras,10,2.77,112.60924,18.524286,,,7
2015,Honduras,10,2.49,107.43,18.620001,,,7
1970,Jamaica,0,8.0278778,70.647537,,2,1.799737,10
1971,Jamaica,0,7.521771,74.758263,,2,1.799737,10
1972,Jamaica,0,6.1798534,73.844765,,1,1.465103,10
1973,Jamaica,0,6.4179935,72.678642,,1,1.127088,10
1974,Jamaica,0,12.211026,81.581139,,1,1.127088,10
1975,Jamaica,0,7.1811967,80.876022,,1,1.127088,10
1976,Jamaica,0,7.274631,66.937401,,1,1.127088,10
1977,Jamaica,0,9.0649958,58.149139,,1,1.127088,10
1978,Jamaica,0,11.45817,77.883018,,1,1.127088,10
1979,Jamaica,0,11.712531,100.43929,,1,1.127088,10
1980,Jamaica,0,11.436961,102.10764,,2,2.1855669,10
1981,Jamaica,0,11.275623,102.9961,,3,2.863822,10
1982,Jamaica,0,9.182374,86.683365,,3,2.863822,10
1983,Jamaica,0,6.7016721,78.723618,,3,2.863822,10
1984,Jamaica,0,11.334982,117.18865,,3,2.863822,10
1985,Jamaica,0,9.0029678,121.55504,,3,2.863822,10
1986,Jamaica,0,6.9933167,94.729507,,3,2.863822,10
1987,Jamaica,0,5.3850474,92.869225,,3,2.863822,10
1988,Jamaica,0,4.4964623,91.417473,,3,2.863822,10
1989,Jamaica,0,6.0308228,96.010277,,3,2.863822,10
1990,Jamaica,0,6.8141651,99.94017,,3,2.46351,10
1991,Jamaica,0,8.5009813,101.59879,,3,2.46351,10
1992,Jamaica,0,9.2133522,125.49432,,3,2.46351,10
1993,Jamaica,0,5.2941551,103.02246,17.215694,3,2.46351,9
1994,Jamaica,0,5.382834,108.77694,17.011471,3,2.46351,9
1995,Jamaica,0,3.0735955,111.3029,16.041985,3,2.46351,9
1996,Jamaica,0,3.5324111,99.068184,15.475529,3,2.46351,9
1997,Jamaica,0,2.8698812,90.992126,14.857855,3,2.46351,9
1998,Jamaica,0,2.4280233,,11.69902,3,2.46351,9
1999,Jamaica,0,1.9548132,,11.296529,3,2.46351,9
2000,Jamaica,0,1.935963,,10.60255,3,2.46351,9
2001,Jamaica,1,2.1578994,,10.190238,3,2.46351,9
2002,Jamaica,1,1.6701118,81.846741,9.5024824,3,3.080415,9
2003,Jamaica,1,1.5680825,88.150505,9.4458218,3,3.080415,9
2004,Jamaica,1,1.8699815,89.318138,9.4184237,3,3.080415,9
2005,Jamaica,1,1.9954073,90.487892,8.8740444,3,3.080415,9
2006,Jamaica,1,2.3995912,100.74565,8.7494144,3,3.080415,9
2007,Jamaica,1,2.5001829,101.24445,8.875844,3,3.080415,9
2008,Jamaica,2,1.753406,113.5778,9.2585411,3,3.080415,9
2009,Jamaica,2,1.3939469,86.894997,9.4185133,3,3.080415,9
2010,Jamaica,2,1.5049511,80.934013,9.0137873,3,3.080415,9
2011,Jamaica,2,1.5844674,83.918137,9.1507826,3,3.080415,9
2012,Jamaica,2,1.367775,82.155235,9.423728,3,3.080415,9
2013,Jamaica,2,1.448981,83.400909,9.535531,,,9
2014,Jamaica,2,1.3,84.571297,9.484498,,,9
2015,Jamaica,2,1.36,74.970001,9.79,,,9
1970,México,0,1.9907261,17.401661,23.154396,2,1.824092,-6
1971,México,0,1.8923318,16.359327,23.140839,2,1.824092,-6
1972,México,0,1.8709164,16.898268,22.926836,2,1.824092,-6
1973,México,0,2.6565564,17.879629,22.870958,2,1.824092,-6
1974,México,0,5.5462403,18.987297,22.814701,2,1.824092,-6
1975,México,0,4.8482871,16.513798,22.377007,2,1.824092,-6
1976,México,0,5.6232028,18.3575,21.96596,2,1.824092,-6
1977,México,0,7.9693518,20.538368,22.815413,2,1.824092,-3
1978,México,0,7.8054676,21.507078,22.645529,2,1.824092,-3
1979,México,0,15.46715,23.643822,22.680651,2,1.824092,-3
1980,México,0,16.5739,23.679216,22.261398,2,1.824092,-3
1981,México,1,14.101361,23.344492,21.948193,2,1.824092,-3
1982,México,1,21.846827,25.646662,21.716938,2,1.824092,-3
1983,México,1,21.699253,28.423412,21.257221,3,2.5529461,-3
1984,México,1,17.606901,26.933781,22.658878,3,2.5529461,-3
1985,México,1,14.924245,25.748739,23.974524,3,2.5529461,-3
1986,México,1,9.6934481,30.774986,24.7813,3,2.5529461,-3
1987,México,1,12.178258,32.884251,26.378447,3,2.700129,-3
1988,México,1,8.2390146,38.465706,23.856829,3,2.700129,0
1989,México,2,8.118679,38.058674,21.901369,3,2.700129,0
1990,México,2,9.0905323,38.306183,20.798008,3,2.700129,0
1991,México,2,6.3500576,35.637321,20.585655,3,2.6025579,0
1992,México,2,5.2173114,35.509335,20.249142,3,2.6025579,0
1993,México,3,3.3481464,25.965645,17.873632,3,2.6025579,0
1994,México,4,3.0558336,29.297148,17.15233,3,2.881212,4
1995,México,5,5.1754422,46.111595,19.110792,3,2.881212,4
1996,México,5,5.5815945,50.724125,20.344795,3,2.881212,4
1997,México,5,4.6579361,49.32016,20.897289,3,2.881212,6
1998,México,5,2.7910571,51.776096,21.223173,3,2.881212,6
1999,México,6,3.0990791,51.268902,20.681973,3,2.881212,6
2000,México,9,4.7745519,53.13105,20.304676,3,2.881212,8
2001,México,9,3.9025712,48.528046,19.411232,3,2.817579,8
2002,México,9,3.7885735,48.371082,18.823898,3,2.817579,8
2003,México,11,5.1820493,51.235271,18.17952,3,2.817579,8
2004,México,11,6.4700451,54.226414,18.240957,3,2.817579,8
2005,México,11,8.5871153,54.576447,17.241789,3,2.817579,8
2006,México,11,9.1335583,56.455097,18.10848,3,2.817579,8
2007,México,11,8.7642965,57.083729,17.386793,3,2.817579,8
2008,México,11,10.510004,58.071087,16.976978,3,2.817579,8
2009,México,11,6.8771572,56.133881,16.668703,3,2.817579,8
2010,México,11,7.7580619,61.016376,17.28651,3,2.817579,8
2011,México,11,9.1784954,63.876076,17.072634,3,2.817579,8
2012,México,13,8.7080822,66.52597,17.885742,3,2.817579,8
2013,México,13,7.704103,64.602631,17.571003,3,2.876148,8
2014,México,13,4.8600001,65.857216,17.670441,3,2.876148,8
2015,México,14,2.26,72.830002,18.440001,,,8
1970,Nicaragua,1,5.0741115,55.924286,,2,2.3484249,-8
1971,Nicaragua,1,5.2478228,54.839268,,2,2.3484249,-8
1972,Nicaragua,1,5.6174283,64.931313,,2,2.3484249,-8
1973,Nicaragua,1,8.4281511,66.013062,,2,2.3484249,-8
1974,Nicaragua,1,6.8149743,71.682182,,2,2.3484249,-8
1975,Nicaragua,1,7.5291948,64.982491,,2,2.3484249,-8
1976,Nicaragua,1,5.8768806,64.836761,,2,2.3484249,-8
1977,Nicaragua,1,6.7630024,69.51783,,2,2.3484249,-8
1978,Nicaragua,1,7.7127404,65.658989,,2,2.3484249,-8
1979,Nicaragua,1,13.194035,70.156944,,2,2.3484249,0
1980,Nicaragua,1,11.537311,67.497162,,2,1.924688,0
1981,Nicaragua,1,8.5694942,64.12516,,2,1.924688,-5
1982,Nicaragua,1,14.477246,42.034046,,2,1.924688,-5
1983,Nicaragua,1,6.2725301,49.392925,,2,1.924688,-5
1984,Nicaragua,1,2.5582724,45.893848,,2,1.924688,-1
1985,Nicaragua,1,2.1177454,36.592461,,2,1.924688,-1
1986,Nicaragua,1,2.1080711,33.607914,,2,1.924688,-1
1987,Nicaragua,1,1.7098954,25.53105,,2,1.924688,-1
1988,Nicaragua,1,2.4420147,76.251083,,2,1.924688,-1
1989,Nicaragua,2,6.6055765,97.728683,,2,1.924688,-1
1990,Nicaragua,2,16.004204,71.290817,,3,2.799336,6
1991,Nicaragua,2,12.425068,74.327972,,4,3.714005,6
1992,Nicaragua,2,9.6701164,70.517624,,4,3.525444,6
1993,Nicaragua,2,7.552916,68.285965,,4,3.525444,6
1994,Nicaragua,2,4.1425438,39.081215,15.683044,4,3.525444,6
1995,Nicaragua,2,5.3136225,44.039795,15.679442,4,3.525444,8
1996,Nicaragua,2,3.8950093,48.482838,15.351152,4,3.525444,8
1997,Nicaragua,2,5.1642842,58.005531,15.484247,4,3.525444,8
1998,Nicaragua,2,4.1914425,57.013714,14.591551,4,3.525444,8
1999,Nicaragua,2,3.411649,62.537643,13.67779,4,3.525444,8
2000,Nicaragua,2,3.0763772,61.298496,14.233384,4,3.525444,8
2001,Nicaragua,3,2.9029717,57.980133,15.404279,4,3.525444,8
2002,Nicaragua,3,2.7545345,58.091286,16.786512,4,3.525444,8
2003,Nicaragua,3,2.9551272,62.175064,15.810935,4,3.525444,8
2004,Nicaragua,3,2.9036069,67.19532,15.982374,4,3.525444,8
2005,Nicaragua,3,2.5966702,71.645721,15.599926,4,3.525444,8
2006,Nicaragua,4,3.748934,76.758835,15.205497,4,3.525444,8
2007,Nicaragua,4,3.9157703,82.553169,15.929848,4,3.5430679,9
2008,Nicaragua,5,3.7806008,87.763397,15.614063,3,2.6089621,9
2009,Nicaragua,6,3.5496023,77.923958,15.801756,3,2.6089621,9
2010,Nicaragua,6,7.0811548,96.384026,15.645985,3,2.6089621,9
2011,Nicaragua,6,6.0123305,107.33594,15.420012,3,2.6089621,9
2012,Nicaragua,8,5.9594493,110.72203,15.440736,3,2.6089621,9
2013,Nicaragua,9,5.6291647,105.89035,14.951403,,,9
2014,Nicaragua,9,4.4699998,101.6162,15.400466,,,9
2015,Nicaragua,9,4.1100001,92.980003,14.74,,,9
1970,Panamá,0,.92553341,,,2,2.2214689,-7
1971,Panamá,0,.78814614,,,2,2.2214689,-7
1972,Panamá,0,.84023368,,,2,2.2214689,-7
1973,Panamá,0,1.2580225,,,2,2.2214689,-7
1974,Panamá,0,1.151865,,,2,2.2214689,-7
1975,Panamá,0,1.4212738,,,2,2.2214689,-7
1976,Panamá,0,1.3689378,,,2,2.2214689,-7
1977,Panamá,0,1.6353489,,,2,2.2214689,-7
1978,Panamá,0,1.309809,,,2,2.2214689,-6
1979,Panamá,0,1.3170551,,,2,2.204313,-6
1980,Panamá,0,1.5282826,186.94066,10.970521,2,2.204313,-6
1981,Panamá,0,1.187505,181.52898,9.7696095,2,2.204313,-6
1982,Panamá,0,1.8576038,159.22304,9.3082247,2,2.204313,-5
1983,Panamá,0,.83020753,127.50056,10.209858,2,2.204313,-5
1984,Panamá,0,.48687342,125.21004,10.640225,2,2.200011,-6
1985,Panamá,0,.36505663,128.15068,12.327123,2,2.200011,-6
1986,Panamá,0,.35258457,132.62732,11.310652,2,2.200011,-6
1987,Panamá,1,.36960143,134.24791,10.792222,2,2.200011,-8
1988,Panamá,1,.38188162,133.8127,9.4633274,2,2.200011,-8
1989,Panamá,1,.4238911,149.12123,9.3272266,2,2.200011,8
1990,Panamá,1,.80102617,165.38432,9.7480488,3,2.8366461,8
1991,Panamá,1,.79630512,189.73863,9.8796539,3,2.8366461,8
1992,Panamá,1,.74189407,196.21616,9.6401625,3,2.8366461,8
1993,Panamá,1,.55198818,189.65076,9.2005796,3,2.8366461,8
1994,Panamá,1,.58583266,194.78012,8.9453087,3,3.251955,9
1995,Panamá,1,.78645229,198.76677,9.1283255,3,3.251955,9
1996,Panamá,1,.4706074,165.60968,12.727629,3,3.251955,9
1997,Panamá,1,.57476681,175.8102,11.420096,3,3.251955,9
1998,Panamá,1,.39125985,160.28355,11.117534,3,3.251955,9
1999,Panamá,1,.32080567,134.27721,10.916488,3,3.251955,9
2000,Panamá,1,.30568889,142.39404,10.054778,3,3.251955,9
2001,Panamá,1,.3094278,138.64409,9.2906637,3,3.251955,9
2002,Panamá,1,.2950058,129.7448,8.4666023,3,3.251955,9
2003,Panamá,2,.32209623,122.13992,8.0820379,3,3.251955,9
2004,Panamá,3,.30325478,131.51707,8.321475,3,3.251955,9
2005,Panamá,3,.2616182,144.54662,7.4353981,3,3.251955,9
2006,Panamá,4,.34312695,146.19244,7.0714545,3,3.251955,9
2007,Panamá,4,.31522596,145.38228,8.0016098,3,3.251955,9
2008,Panamá,6,.29756781,148.99695,7.6524849,3,3.251955,9
2009,Panamá,8,.32998312,138.73404,7.2288899,3,3.251955,9
2010,Panamá,8,.56784958,139.68752,6.6554666,3,3.251955,9
2011,Panamá,8,.55255872,158.34688,6.1186824,3,3.251955,9
2012,Panamá,10,.59383988,154.75365,5.7545376,3,3.251955,9
2013,Panamá,12,.53379583,,,,,9
2014,Panamá,13,.13,,,,,9
2015,Panamá,14,.19,,5.77,,,9
1970,Paraguay,0,5.698174,,,3,2.659126,-8
1971,Paraguay,0,5.5240693,,,3,2.659126,-8
1972,Paraguay,1,5.0465622,,,3,2.659126,-8
1973,Paraguay,1,7.3426957,,,3,2.7518649,-8
1974,Paraguay,1,6.0828481,,,3,2.7518649,-8
1975,Paraguay,1,8.30653,,,3,2.7518649,-8
1976,Paraguay,1,6.1990747,,,3,2.7518649,-8
1977,Paraguay,1,7.2434359,,,3,2.7518649,-8
1978,Paraguay,1,7.7668886,,,3,2.7518649,-8
1979,Paraguay,1,9.987813,,,3,2.7518649,-8
1980,Paraguay,1,8.6886454,,,3,2.7518649,-8
1981,Paraguay,2,6.0256319,,,3,2.7518649,-8
1982,Paraguay,2,7.9521575,,,3,2.7518649,-8
1983,Paraguay,2,5.1137967,,,3,2.7518649,-8
1984,Paraguay,2,4.8631778,,,3,2.7518649,-8
1985,Paraguay,2,6.8354492,,,3,2.7518649,-8
1986,Paraguay,2,8.0506392,,,3,2.7518649,-8
1987,Paraguay,2,8.9809361,,,3,2.7518649,-8
1988,Paraguay,2,7.1407561,,,3,2.7518649,-8
1989,Paraguay,2,8.1400013,,,3,2.7518649,2
1990,Paraguay,2,7.0066524,,,3,3.193464,2
1991,Paraguay,3,5.8970685,89.13932,14.969245,3,3.193464,2
1992,Paraguay,3,6.3527799,89.497559,14.899482,3,3.325758,7
1993,Paraguay,3,6.4355631,113.60376,14.878549,3,3.325758,7
1994,Paraguay,3,5.8097134,123.07933,,3,3.325758,7
1995,Paraguay,3,7.0765867,118.06408,,3,3.325758,7
1996,Paraguay,3,5.8107648,103.03526,,3,3.325758,7
1997,Paraguay,3,5.3467169,95.93428,,3,3.325758,7
1998,Paraguay,3,5.1094327,104.69334,,3,3.325758,6
1999,Paraguay,3,4.6382022,82.100456,,4,3.5183461,7
2000,Paraguay,3,3.9791801,85.085144,,4,3.5183461,7
2001,Paraguay,3,4.535491,80.738876,,4,3.5183461,7
2002,Paraguay,3,5.9194145,90.135887,,4,3.5183461,7
2003,Paraguay,3,6.4626522,94.860237,,4,3.5183461,8
2004,Paraguay,3,5.1625185,95.59127,,4,3.5183461,8
2005,Paraguay,3,5.054163,104.20389,12.861143,4,3.5183461,8
2006,Paraguay,3,5.940865,107.77,12.911118,4,3.5183461,8
2007,Paraguay,3,5.2806878,103.51836,12.393329,4,3.5183461,8
2008,Paraguay,3,4.6939669,103.54562,12.520208,4,3.5183461,8
2009,Paraguay,4,5.2518196,96.299606,12.724369,4,3.5183461,8
2010,Paraguay,4,6.4578257,106.58488,12.364154,4,3.5183461,8
2011,Paraguay,4,4.4139018,102.82261,12.153306,4,3.5183461,8
2012,Paraguay,4,5.0830927,98.628403,12.167764,4,3.5183461,8
2013,Paraguay,4,4.460187,93.836021,11.600514,3,3.1272039,9
2014,Paraguay,4,2.0899999,89.814018,12.026375,3,3.1272039,9
2015,Paraguay,4,2.2,84.459999,12.01,4,3.6995029,9
1970,Perú,0,4.4751263,33.892857,19.785715,1,1.3685369,-7
1971,Perú,0,3.1548612,29.394815,20.621199,1,1.3685369,-7
1972,Perú,0,3.0357838,28.913921,20.306181,1,1.3685369,-7
1973,Perú,1,6.2198677,29.45437,20.6422,1,1.3685369,-7
1974,Perú,1,8.0771284,36.429802,21.662518,1,1.3685369,-7
1975,Perú,1,3.9999917,32.792305,20.033062,1,1.3685369,-7
1976,Perú,1,5.0092416,32.275013,21.676565,1,1.3685369,-7
1977,Perú,1,6.1231604,38.618263,20.843466,1,1.3685369,-7
1978,Perú,1,9.2166929,40.79314,22.763371,1,1.3685369,-2
1979,Perú,1,19.187511,46.829601,23.489298,1,1.3685369,3
1980,Perú,1,21.33305,27.450981,,1,1.256134,7
1981,Perú,2,13.90428,19.101124,,2,1.908848,7
1982,Perú,2,14.329986,19.594595,,2,1.908848,7
1983,Perú,2,13.997752,22.90909,,2,1.908848,7
1984,Perú,2,13.903967,23.063972,,2,1.908848,7
1985,Perú,2,14.073515,27.498447,,2,1.908848,7
1986,Perú,2,6.6863446,16.947439,,2,1.908848,7
1987,Perú,2,7.2083058,13.182269,,2,1.908848,7
1988,Perú,3,17.342655,15.560878,,2,1.908848,7
1989,Perú,4,15.856555,17.871931,,2,1.908848,7
1990,Perú,4,10.483282,30.272659,,2,2.3969281,8
1991,Perú,4,3.6413352,27.124416,18.504196,3,2.6190839,8
1992,Perú,4,3.5180974,28.602005,18.746141,3,3.060684,-3
1993,Perú,4,2.7980354,29.276274,18.81917,3,3.3559041,1
1994,Perú,4,2.6598587,29.710983,18.715065,3,3.3559041,1
1995,Perú,4,2.8955264,31.641378,17.727173,3,3.3559041,1
1996,Perú,4,2.4961197,32.254623,17.41667,3,3.3559041,1
1997,Perú,4,2.660856,34.00901,17.337566,3,3.3559041,1
1998,Perú,4,1.4980968,33.232597,16.632324,3,3.3559041,1
1999,Perú,4,1.7890261,33.396954,16.220085,3,3.3559041,1
2000,Perú,4,2.6523972,35.578968,16.705759,3,3.3559041,5
2001,Perú,4,1.9639834,34.800526,16.90637,3,3.3559041,9
2002,Perú,4,1.8683673,34.827335,17.090641,3,3.3559041,9
2003,Perú,4,2.1895914,36.671112,16.787172,3,3.3559041,9
2004,Perú,4,4.3755493,41.032753,17.439943,3,3.3559041,9
2005,Perú,4,6.8717146,46.866352,17.675947,3,3.3559041,9
2006,Perú,4,14.019912,50.83078,16.993523,3,3.3559041,9
2007,Perú,4,14.888079,53.875942,18.011126,3,3.3559041,9
2008,Perú,4,12.985948,56.465603,17.04373,3,3.3559041,9
2009,Perú,7,9.3783464,46.418545,15.484167,3,3.3559041,9
2010,Perú,8,12.444503,50.012295,15.657764,3,3.3559041,9
2011,Perú,10,14.425619,55.241669,15.735542,3,3.3559041,9
2012,Perú,13,11.819827,52.273823,14.850348,3,3.14814,9
2013,Perú,15,9.6759195,48.838387,,3,3.0398021,9
2014,Perú,15,8.1199999,46.320175,,3,3.0398021,9
2015,Perú,15,6.29,45.009998,14.5,,,9
1970,Uruguay,0,.79993206,29.094339,,3,2.473366,8
1971,Uruguay,0,.57766426,21.717897,,3,2.473366,3
1972,Uruguay,0,.90616155,30.330408,,3,2.473366,-3
1973,Uruguay,1,1.0464427,19.923485,,3,2.473366,-8
1974,Uruguay,1,.92591518,31.272816,,3,2.473366,-8
1975,Uruguay,1,1.4287267,37.058525,,3,2.473366,-8
1976,Uruguay,1,1.7149926,39.638176,,3,2.473366,-8
1977,Uruguay,1,2.1763017,42.554981,,3,2.473366,-8
1978,Uruguay,1,1.5343977,40.001556,,3,2.473366,-7
1979,Uruguay,1,1.6642202,38.000126,,3,2.473366,-7
1980,Uruguay,1,1.2896925,35.664398,,3,2.473366,-7
1981,Uruguay,2,.70220906,34.235458,,3,2.473366,-7
1982,Uruguay,2,1.7357696,31.616659,,3,2.473366,-7
1983,Uruguay,2,2.1814659,49.29274,25.356482,3,2.473366,-7
1984,Uruguay,2,2.3856919,47.956074,27.27779,3,2.473366,-7
1985,Uruguay,2,1.0832757,47.856571,29.398001,3,2.473366,9
1986,Uruguay,2,2.5407813,46.483742,29.715458,3,2.473366,9
1987,Uruguay,2,2.4730976,40.854645,28.946238,3,2.473366,9
1988,Uruguay,2,2.0514164,39.793812,27.262819,3,2.473366,9
1989,Uruguay,2,2.0818455,41.193562,26.8267,3,2.473366,10
1990,Uruguay,2,1.818404,41.628471,27.965387,3,2.473366,10
1991,Uruguay,3,1.5009773,38.554905,28.310514,3,2.473366,10
1992,Uruguay,3,1.1624453,40.073044,24.784842,3,2.473366,10
1993,Uruguay,3,.96255851,38.684967,21.100998,3,2.473366,10
1994,Uruguay,3,.75603586,40.148834,18.878353,3,2.473366,10
1995,Uruguay,3,.82535762,38.097675,19.694651,3,2.473366,10
1996,Uruguay,3,.81943369,39.528435,19.26387,3,2.473366,10
1997,Uruguay,3,.75835198,37.706398,16.864279,3,2.473366,10
1998,Uruguay,3,.75408822,35.640015,16.041536,3,2.473366,10
1999,Uruguay,3,.64782238,33.386448,15.082128,3,2.473366,10
2000,Uruguay,3,.47698939,36.713737,14.050488,3,2.473366,10
2001,Uruguay,3,.57013917,36.309513,14.299056,3,2.473366,10
2002,Uruguay,3,1.200315,40.029068,14.691883,3,2.473366,10
2003,Uruguay,3,1.8253819,51.759201,16.901592,3,2.473366,10
2004,Uruguay,4,1.8763877,61.476688,17.156584,3,2.473366,10
2005,Uruguay,4,1.9982191,58.877697,17.127268,3,2.473366,10
2006,Uruguay,4,2.4015162,61.971573,16.970764,3,2.473366,10
2007,Uruguay,4,3.0289505,59.210449,15.967973,3,2.473366,10
2008,Uruguay,4,4.0259624,65.208092,17.178837,3,2.473366,10
2009,Uruguay,5,3.173862,53.405594,16.877529,3,2.473366,10
2010,Uruguay,5,4.1388865,51.692337,15.47646,3,2.473366,10
2011,Uruguay,5,3.0454423,53.278568,14.590357,3,2.473366,10
2012,Uruguay,5,2.8225081,54.939335,13.986031,3,2.473366,10
2013,Uruguay,5,2.4825103,49.710117,12.929521,3,2.5296991,10
2014,Uruguay,5,1.61,48.923134,14.088625,3,2.5284059,10
2015,Uruguay,5,1.64,44.900002,15.19,,,10
1970,Venezuela,0,12.512089,37.824265,16.066946,3,3.1646399,9
1971,Venezuela,0,15.080892,39.248119,16.390978,3,3.1646399,9
1972,Venezuela,0,13.303494,37.983425,16.022099,3,3.1646399,9
1973,Venezuela,0,17.731436,41.849709,16.069365,3,3.0308969,9
1974,Venezuela,0,41.330296,55.35714,18.167702,3,2.5687251,9
1975,Venezuela,0,28.99575,50.754852,15.672178,2,2.1721129,9
1976,Venezuela,0,27.771257,50.870644,16.355721,2,2.1721129,9
1977,Venezuela,0,25.108091,53.248135,15.282215,2,2.1721129,9
1978,Venezuela,0,22.932524,51.963161,14.881241,2,2.1721129,9
1979,Venezuela,0,49.133739,50.626766,16.25556,2,2.1721129,9
1980,Venezuela,0,44.147549,50.604431,16.017462,2,2.1721129,9
1981,Venezuela,1,36.294651,48.760826,14.89997,2,2.1721129,9
1982,Venezuela,1,29.436058,46.942974,15.902411,2,2.1721129,9
1983,Venezuela,1,24.422844,30.716333,16.332378,2,2.1721129,9
1984,Venezuela,1,33.265522,45.589447,18.206015,2,2.1721129,9
1985,Venezuela,1,27.882866,42.183876,18.941223,2,2.1721129,9
1986,Venezuela,1,15.109147,40.061813,19.75589,2,2.1721129,9
1987,Venezuela,1,24.916756,44.811089,18.952063,2,2.1721129,9
1988,Venezuela,2,15.88066,47.79903,18.056412,2,2.2680919,9
1989,Venezuela,3,27.082756,55.211304,16.689384,2,2.3123519,9
1990,Venezuela,3,36.50423,59.634109,14.935207,2,2.3123519,9
1991,Venezuela,3,30.872356,57.58017,15.524982,2,2.3123519,9
1992,Venezuela,3,26.327854,55.261753,14.952392,2,2.3123519,8
1993,Venezuela,3,24.844065,54.139542,14.706877,2,2.3123519,8
1994,Venezuela,3,24.58189,53.162601,14.627142,3,2.5118749,8
1995,Venezuela,3,21.979948,48.923145,15.11192,3,2.5118749,8
1996,Venezuela,3,33.562443,57.841396,13.645769,3,2.5118749,8
1997,Venezuela,3,26.144064,51.245037,23.168242,3,2.5118749,8
1998,Venezuela,3,15.255933,43.599392,20.833418,3,2.5118749,8
1999,Venezuela,3,17.254351,42.070229,19.219599,2,2.2463369,7
2000,Venezuela,3,26.29187,47.85722,19.834183,2,2.255573,7
2001,Venezuela,3,21.200193,42.14127,18.244823,2,2.255573,6
2002,Venezuela,3,25.597689,48.57571,17.533737,2,2.255573,6
2003,Venezuela,3,30.968412,50.577007,18.080166,2,2.255573,6
2004,Venezuela,3,37.888851,55.367455,17.867952,2,2.255573,6
2005,Venezuela,3,44.10928,60.127331,16.415171,2,1.859285,6
2006,Venezuela,3,42.708721,58.665592,15.128897,2,2.0605681,5
2007,Venezuela,3,33.491028,56.199043,14.42603,2,2.0605681,5
2008,Venezuela,3,34.035339,51.829014,14.930702,2,2.0605681,5
2009,Venezuela,3,18.747976,38.520931,15.416498,2,2.0605681,-3
2010,Venezuela,3,20.035168,46.136894,13.923396,2,2.0605681,-3
2011,Venezuela,3,33.078888,49.638123,13.814549,2,2.0605681,-3
2012,Venezuela,3,26.022472,50.403568,13.799314,2,2.0605681,-3
2013,Venezuela,3,26.046795,54.27776,,,,4
2014,Venezuela,3,,,,,,4
2015,Venezuela,3,,,,,,4
